{
	"ledCurrent": [10,11,12,13,14,15,16,17,18,19,20,21,22,23,24,25,26,27,28,29,30,31,32,33,34,35,36,37,38,39,40,41,42,43,44,45,46,47,48,49,50,51,52,53,54,55,56,57,58,59,60,61,62,63,64,65,66,67,68,69,70,71,72,73,74,75,76,77,78,79,80,81,82,83,84,85,86,87,88,89,90,91,92,93,94,95,96,97,98,99,100,101,102,103,104,105,106,107,108,109,110,111,112,113,114,115,116,117,118,119,120,121,122,123,124,125,126,127,128,129,130,131,132,133,134,135,136,137,138,139,140,141,142,143,144,145,146,147,148,149,150,151,152,153,154,155,156,157,158,159,160,161,162,163,164,165,166,167,168,169,170,171,172,173,174,175,176,177,178,179,180,181,182,183,184,185,186,187,188,189,190,191,192,193,194,195,196,197,198,199,200,201,202,203,204,205,206,207,208,209,210,211,212,213,214,215,216,217,218,219,220,221,222,223,224,225,226,227,228,229,230,231,232,233,234,235,236,237,238,239,240,241,242,243,244,245,246,247,248,249,250,251,252,253,254,255],
	"measurements": [17.4991646,23.21649186,28.73710244,35.83838258,41.72897745,47.50073736,54.20584792,60.50162257,66.45089039,73.49398639,79.10095426,84.75485683,91.79184192,97.95160902,103.9297898,109.9689097,117.20925,123.7110086,129.584898,136.3781316,142.5118428,148.1870534,154.796829,160.502034,166.1874343,171.8396095,178.0907632,183.9000912,189.3492749,195.4825914,200.9167423,206.6084628,212.6443828,218.1029435,223.6228179,229.8563755,234.9511475,240.0595328,245.5594199,251.713232,256.9042751,261.9458507,267.8471716,273.4340205,278.368049,284.1060479,289.4045463,294.081527,299.0581159,304.7306781,309.7923581,314.9994993,320.3360482,324.9575658,329.8351809,335.5458844,340.3710452,345.1310309,350.5689199,355.4925719,360.0253194,364.4973416,369.9411681,374.4582742,379.2566493,384.4910639,388.9365652,393.6557651,398.9390723,403.5541757,407.8317817,412.5366095,417.62286,422.0329471,426.324866,431.3518722,436.029187,440.2761806,445.2706339,449.5874074,453.9501793,459.0658906,463.132455,467.5249874,471.8160373,476.7192864,480.7976491,484.7443621,489.5631298,493.6053877,497.6154294,502.447852,506.5856999,510.8139135,514.4767436,518.9364511,523.010083,526.9307273,531.2606191,535.189172,539.4078169,543.6360263,547.2940192,551.015888,555.5531974,559.2849299,563.076767,566.8404748,571.2770644,574.8088364,578.4636575,582.4218386,586.2201259,589.9470735,594.0653388,597.4008325,600.9250728,604.4736569,608.6574489,611.9928931,615.364014,619.2921106,623.0355159,626.3662137,630.1891747,633.5902327,637.0258336,640.7730161,644.0168185,647.1678948,650.4148579,654.2056995,657.4081788,660.603141,664.1418922,667.580993,670.7265288,674.1512459,677.0339893,679.935045,683.2562783,686.288236,689.3629238,692.4003813,695.7014902,698.6253675,701.3474374,704.7715361,707.6151197,710.5089763,713.6411706,716.2758075,718.9491338,721.8804674,725.0799252,727.8204709,730.2816131,733.4958823,736.2521516,738.8469428,741.690132,744.3507341,746.9536179,749.6808166,752.2399502,783.9179715,786.3956721,789.4501623,792.0044228,794.4140634,797.2597493,799.6218672,801.976985,804.8520948,807.1227413,809.4504108,811.7530432,814.5158703,816.5709504,819.0133272,821.7507928,823.8843572,825.9667112,828.5943932,830.7115459,832.653093,835.3614845,837.2621705,839.2314543,841.2040877,843.5632306,845.5446891,847.4335753,849.7854065,851.5853092,853.5192067,855.6046859,857.5902687,859.4202201,860.9818945,862.9079055,864.8517899,866.8478975,868.7286722,870.3205709,871.9241317,873.7600956,875.3858677,876.6803281,878.6669363,880.1975997,881.8422588,883.1415941,884.9841704,886.2660192,887.7774083,889.6675698,890.9737054,892.2449666,893.9493483,895.352792,896.6430025,897.846142,899.5742104,900.710115,901.8712057,903.3260346,904.5458608,905.8559085,907.1906551,908.1872775,909.1984494,910.6717153,911.6249398,912.8682774,913.7340555,915.0276531,915.9958395,916.7981198,917.8996758,918.791465,919.9378567,920.9811273,921.830131,922.5862381,923.3385205],
	"normalizedMeasurements": [0,0.006311634864,0.01240610464,0.02024555222,0.0267484656,0.03312019131,0.04052228807,0.04747249906,0.05404018437,0.06181539964,0.06800520342,0.0742468207,0.08201528984,0.0888153555,0.09541495924,0.1020818365,0.1100747994,0.117252406,0.1237368775,0.1312362575,0.1380075589,0.1442726991,0.1515695509,0.1578678035,0.1641441926,0.1703839029,0.1772848547,0.1836980536,0.1897136719,0.1964845374,0.2024835602,0.2087669264,0.2154302713,0.2214562412,0.2275498983,0.2344314249,0.2400557907,0.245695185,0.2517667772,0.2585602689,0.2642909131,0.269856553,0.2763713073,0.2825389007,0.2879858142,0.2943202695,0.3001695388,0.3053326847,0.3108265825,0.3170887991,0.3226766331,0.3284250488,0.334316324,0.3394182415,0.3448028774,0.3511072,0.356433929,0.3616887081,0.3676918574,0.3731273157,0.3781312355,0.3830681177,0.3890778218,0.3940644743,0.3993616333,0.4051401575,0.4100477619,0.4152575157,0.4210900147,0.4261848512,0.4309071079,0.4361009955,0.4417159542,0.4465844633,0.4513225207,0.4568720766,0.4620355913,0.4667240536,0.4722376727,0.4770031684,0.4818194439,0.4874669257,0.4919562033,0.4968053329,0.5015424311,0.5069553656,0.511457668,0.5158146359,0.5211343073,0.5255967518,0.5300236313,0.5353583771,0.539926348,0.5445940781,0.5486376539,0.5535609413,0.5580580211,0.5623862105,0.5671661881,0.5715031082,0.5761602749,0.5808280003,0.5848662361,0.5889749876,0.5939839436,0.5981035841,0.6022895769,0.6064445165,0.611342283,0.6152411773,0.6192759116,0.6236455397,0.6278386533,0.6319530115,0.6364993644,0.6401815776,0.6440721574,0.6479896115,0.6526083024,0.6562904611,0.6600120049,0.6643484213,0.668480948,0.6721578668,0.6763782188,0.6801328117,0.6839255382,0.6880622348,0.6916432255,0.6951218515,0.6987063316,0.7028912254,0.7064265977,0.7099536714,0.7138602705,0.7176568607,0.7211293701,0.7249100815,0.7280924818,0.7312950979,0.7349615684,0.7383086935,0.7417029905,0.7450561872,0.7487004414,0.7519282514,0.7549332764,0.758713305,0.7618524749,0.7650471436,0.7685049247,0.7714134282,0.7743646427,0.7776006841,0.7811327207,0.784158142,0.7868751163,0.7904235039,0.7934662833,0.7963307992,0.7994695337,0.8024067014,0.805280151,0.808290838,0.8111159896,0.8460868938,0.8488221477,0.8521941475,0.8550139196,0.8576740387,0.8608155294,0.8634231859,0.8660231147,0.8691970879,0.8717037647,0.874273392,0.8768153795,0.8798653984,0.8821341009,0.8848303592,0.8878523802,0.8902077254,0.892506537,0.8954073626,0.8977445902,0.8998879582,0.902877883,0.9049761424,0.9071501303,0.909327816,0.9119321883,0.9141196164,0.9162048494,0.91880115,0.9207881499,0.9229230731,0.9252253348,0.927417316,0.929437488,0.9311614962,0.9332877131,0.9354336614,0.9376372614,0.9397135398,0.941470914,0.9432411625,0.9452679721,0.9470627408,0.9484917584,0.9506848715,0.9523746452,0.9541902641,0.9556246634,0.9576587727,0.9590738677,0.9607423635,0.9628290045,0.9642709109,0.9656743178,0.9675558674,0.969105197,0.970529523,0.971857727,0.9737654255,0.9750194057,0.9763011901,0.9779072462,0.9792538715,0.9807000967,0.9821735882,0.983273808,0.9843900897,0.9860164994,0.9870688102,0.9884413908,0.9893971652,0.9908252304,0.9918940583,0.9927797345,0.9939957955,0.994980285,0.9962458423,0.9973975594,0.9983348157,0.999169519,1],
	"spotSize": 500,
	"spotIntensity": 1,
	"user": "Natali",
	"date": "04-Jun-2021 15:17:34",
	"preTime": 500,
	"stimTime": 5000,
	"tailTime": 1000
}
