{
	"ledCurrent": [10,11,12,13,14,15,16,17,18,19,20,21,22,23,24,25,26,27,28,29,30,31,32,33,34,35,36,37,38,39,40,41,42,43,44,45,46,47,48,49,50,51,52,53,54,55,56,57,58,59,60,61,62,63,64,65,66,67,68,69,70,71,72,73,74,75,76,77,78,79,80,81,82,83,84,85,86,87,88,89,90,91,92,93,94,95,96,97,98,99,100,101,102,103,104,105,106,107,108,109,110,111,112,113,114,115,116,117,118,119,120,121,122,123,124,125,126,127,128,129,130,131,132,133,134,135,136,137,138,139,140,141,142,143,144,145,146,147,148,149,150,151,152,153,154,155,156,157,158,159,160,161,162,163,164,165,166,167,168,169,170,171,172,173,174,175,176,177,178,179,180,181,182,183,184,185,186,187,188,189,190,191,192,193,194,195,196,197,198,199,200,201,202,203,204,205,206,207,208,209,210,211,212,213,214,215,216,217,218,219,220,221,222,223,224,225,226,227,228,229,230,231,232,233,234,235,236,237,238,239,240,241,242,243,244,245,246,247,248,249,250,251,252,253,254,255],
	"measurements": [11.49567546,17.62773201,24.30110172,32.0558043,38.67521778,45.37350212,52.47486301,58.98076634,65.72598455,72.67460745,78.80684225,84.79293094,92.18777463,98.63184957,104.9661641,110.847946,118.2060488,124.5423218,130.9551448,137.9361556,144.1796536,150.0972366,156.5655871,162.1628225,167.6820477,173.7231378,180.1055482,185.8498312,191.4672562,197.7377185,203.1282448,208.2122642,214.4243711,219.8276568,225.3111453,231.4808658,236.8354625,242.0790584,247.266261,253.1750326,258.6052514,263.6610188,269.4669752,274.6897374,279.6449407,285.4686708,290.3957578,295.5085185,300.1927002,305.8723402,310.7413376,315.6688103,321.0203316,325.723226,330.5994016,336.1573032,340.8681761,345.4624531,350.9042354,355.6790178,360.3061223,364.8043301,370.3155626,374.6749494,379.1724523,384.5803051,389.1083127,393.6462205,398.6969949,403.1352866,407.549927,411.9975222,417.0538045,421.6759676,425.9784787,430.9767988,435.48161,439.8937307,444.6711705,448.8760381,453.4836001,458.2809015,462.3320467,466.4434573,470.9156391,475.5158266,479.4491952,483.6426425,488.4961208,492.3270114,496.2596284,501.0971692,505.3295347,509.3965744,513.2729303,517.8460302,521.5601084,525.3612363,529.7020118,533.8916769,537.580975,541.8837766,545.5952057,549.5784239,553.8937303,557.3991616,561.2914417,565.0582061,569.3130534,572.8902242,576.5708855,580.7244943,584.2828845,587.8605847,592.0361861,595.456661,599.1230088,602.4361193,606.5285196,610.0268659,613.3691829,617.2245447,620.6886768,624.1761898,628.0144808,631.1874368,634.7210699,638.470953,641.4401851,644.5949507,647.9040449,651.6921875,654.8547042,657.9742625,661.6661676,664.8625631,667.7674348,671.1914638,674.4177141,677.4759441,680.915881,683.6128947,686.6762505,689.6980866,693.0278121,695.8539308,698.8012606,702.2601331,705.1118834,707.640611,711.0368939,713.8055088,716.4372823,719.1385352,722.3395041,725.105153,727.6691259,730.8674436,733.3271841,735.9442551,738.901109,741.4770424,769.0748492,772.0776041,774.7532654,777.153469,779.8190299,782.812856,785.2929669,787.5980519,790.4091011,793.0136891,795.2399406,798.0660706,800.5584017,802.8903005,805.2756136,807.9184128,810.2256271,812.4413533,815.0398157,817.3824581,819.4850019,821.9465383,824.2149545,826.2116547,828.5344548,830.6044568,832.7096128,834.558032,836.9435996,839.0674992,840.9299084,843.1675894,845.0531275,847.2049555,849.4562548,851.2202059,852.9322251,854.7955074,856.8943575,858.6902006,860.4510862,862.5720394,864.2639433,865.8486568,867.6884311,869.3380022,870.8257961,872.6813357,874.2319137,875.70548,877.1760802,878.9309524,880.2866907,881.727775,883.6044833,885.2263355,886.4991833,887.9991174,889.223819,890.6391839,892.0142877,893.6451687,894.8684503,895.9791782,897.3704319,898.620299,899.8794991,901.1656068,902.2483069,903.3033363,904.584376,905.6223719,906.7424829,907.7329112,909.0485626,909.9482791,910.8762714,911.8667875,912.6379296,913.6710408,915.0015016,915.8052252,916.5867225,917.3563815],
	"normalizedMeasurements": [0,0.006769315097,0.01413619795,0.02269678848,0.03000410784,0.03739849453,0.04523784647,0.05241985943,0.05986605746,0.06753679852,0.07430631039,0.08091448828,0.08907782249,0.09619158169,0.1031841739,0.1096772052,0.1177999803,0.1247947346,0.131873994,0.1395804888,0.1464728266,0.1530053795,0.1601459371,0.1663248511,0.1724176479,0.1790865431,0.1861322294,0.1924734725,0.1986746743,0.2055967786,0.2115475018,0.2171598651,0.2240175496,0.2299823581,0.2360357044,0.2428465976,0.2487576573,0.2545461806,0.2602724502,0.2667952761,0.2727898167,0.278370992,0.2847803177,0.2905458424,0.2960160027,0.3024449493,0.3078840715,0.3135281629,0.3186991364,0.3249690187,0.3303440144,0.3357835623,0.341691227,0.3468828579,0.3522657777,0.3584012702,0.3636017088,0.3686734344,0.3746807402,0.37995173,0.3850596946,0.3900253673,0.3961093409,0.4009217659,0.4058866605,0.4118565108,0.4168550801,0.4218645786,0.427440242,0.432339772,0.4372131928,0.4421229932,0.4477047368,0.4528072466,0.4575568853,0.4630746432,0.4680476056,0.4729182449,0.4781921681,0.482834016,0.4879204072,0.4932162561,0.4976884064,0.502227085,0.5071640271,0.5122422774,0.5165844115,0.5212136522,0.526571516,0.5308005224,0.5351418267,0.5404820967,0.5451543001,0.5496439967,0.5539231931,0.5589715409,0.5630715954,0.5672677459,0.5720596256,0.576684691,0.5807573901,0.5855073496,0.5896044796,0.5940016437,0.5987654075,0.602635132,0.6069319075,0.6110901234,0.615787145,0.6197360643,0.623799229,0.6283844911,0.6323126781,0.6362621818,0.640871722,0.6446476612,0.6486950249,0.6523524421,0.6568701348,0.660732038,0.6644216968,0.6686777175,0.6725018507,0.6763517948,0.6805889705,0.6840916679,0.687992525,0.6921321052,0.6954099072,0.698892524,0.7025455075,0.7067273233,0.7102184966,0.713662247,0.7177378241,0.721266397,0.7244731502,0.7282530127,0.731814543,0.7351905919,0.7389880156,0.7419653095,0.745347017,0.7486828897,0.7523586486,0.7554784646,0.7587320882,0.7625504153,0.7656985265,0.7684900458,0.7722392789,0.7752956152,0.778200889,0.7811828628,0.7847164844,0.7877695464,0.7905999737,0.7941306686,0.7968460314,0.7997350749,0.8029992124,0.8058428432,0.8363086826,0.8396234912,0.8425772139,0.8452268527,0.8481694252,0.8514743772,0.8542122274,0.8567568625,0.8598600429,0.8627353063,0.8651929153,0.8683127438,0.8710640841,0.8736383196,0.8762715204,0.8791889658,0.8817359515,0.8841819415,0.8870504426,0.8896365381,0.8919575836,0.894674929,0.8971790846,0.8993832868,0.9019474781,0.9042325998,0.9065565288,0.9085970404,0.911230522,0.9135751426,0.915631098,0.9181013243,0.9201828123,0.9225582636,0.9250435235,0.9269907888,0.9288807253,0.9309376445,0.9332546123,0.9352370839,0.9371809651,0.9395223329,0.9413900637,0.9431394646,0.9451704328,0.9469914314,0.9486338405,0.9506822124,0.9523939303,0.9540206334,0.955644062,0.9575813049,0.9590779349,0.9606687802,0.9627405206,0.9645309198,0.9659360451,0.9675918561,0.9689438317,0.9705062848,0.9720242929,0.973824659,0.9751750671,0.9764012246,0.9779370608,0.9793168172,0.9807068765,0.9821266398,0.9833218567,0.9844865274,0.9859006959,0.987046563,0.9882830787,0.9893764347,0.9908288119,0.9918220291,0.9928464608,0.9939399137,0.9947911948,0.9959316695,0.9974003951,0.9982876437,0.9991503561,1],
	"spotSize": 500,
	"spotIntensity": 1,
	"user": "Natali",
	"date": "06-Sep-2023 13:29:37",
	"preTime": 500,
	"stimTime": 1000,
	"tailTime": 1000
}
