{
	"ledCurrent": [10,11,12,13,14,15,16,17,18,19,20,21,22,23,24,25,26,27,28,29,30,31,32,33,34,35,36,37,38,39,40,41,42,43,44,45,46,47,48,49,50,51,52,53,54,55,56,57,58,59,60,61,62,63,64,65,66,67,68,69,70,71,72,73,74,75,76,77,78,79,80,81,82,83,84,85,86,87,88,89,90,91,92,93,94,95,96,97,98,99,100,101,102,103,104,105,106,107,108,109,110,111,112,113,114,115,116,117,118,119,120,121,122,123,124,125,126,127,128,129,130,131,132,133,134,135,136,137,138,139,140,141,142,143,144,145,146,147,148,149,150,151,152,153,154,155,156,157,158,159,160,161,162,163,164,165,166,167,168,169,170,171,172,173,174,175,176,177,178,179,180,181,182,183,184,185,186,187,188,189,190,191,192,193,194,195,196,197,198,199,200,201,202,203,204,205,206,207,208,209,210,211,212,213,214,215,216,217,218,219,220,221,222,223,224,225,226,227,228,229,230,231,232,233,234,235,236,237,238,239,240,241,242,243,244,245,246,247,248,249,250,251,252,253,254,255],
	"measurements": [3.83750753,9.825861583,15.92135579,22.11604867,27.973068,33.75932704,39.9337955,45.47618221,50.84275654,57.0671912,62.4452925,67.73645582,73.84339888,79.02527347,83.97485993,89.24965711,95.11809195,100.5908564,105.992444,112.0217531,117.365444,122.2793013,127.7332616,132.4567511,137.3660453,142.1631943,147.7493383,152.2930811,156.9865568,162.0930984,166.7488885,171.2411914,176.5505655,181.0924085,185.7732891,190.9894473,195.4288539,199.8971246,204.2193187,209.0661867,213.2349264,217.7177267,222.8000644,226.9826395,231.0559008,236.0057778,240.158722,244.3505734,248.4229947,253.1017485,257.2267096,261.6839095,266.261197,270.2978011,274.2129801,278.8297789,283.0473502,286.8530251,291.2677429,295.4241443,299.3038964,303.4498802,307.7961178,311.5389047,315.6469492,319.8029608,323.432466,327.3993484,331.6481892,335.5663693,339.3868889,343.1559746,347.5412948,351.2156408,354.8749725,358.86942,362.7954258,366.4952143,370.647886,373.9128665,377.5814088,381.8683088,385.3546994,388.7767043,392.3117684,396.4458167,399.9689668,403.4339896,407.3581139,410.6538901,414.2661576,418.2379635,421.6071821,425.0690103,428.49504,432.3163494,435.4092632,438.6533583,442.5501681,445.9888127,449.4492532,452.8191922,456.1432978,459.3762512,462.9069245,466.5015003,469.28965,472.4982577,476.0777108,479.3556293,482.3505234,485.72187,488.9976558,491.8370599,495.2991949,498.3278057,501.0403326,504.2336194,507.8880666,510.7682659,513.5493902,516.9139551,519.7797487,522.5772888,526.1442443,528.7096914,531.6261544,535.0168561,537.7446813,540.3423529,543.093696,546.2009768,549.0770517,551.828079,554.6533946,557.5224409,560.1749099,563.2501172,565.8736852,568.3599748,571.3807424,573.9205794,576.7328366,579.133316,582.0198524,584.5374253,586.7773133,609.9098377,612.032751,614.7439583,617.7979113,620.4045552,622.7403677,625.1124912,628.1355009,630.4140175,633.0687837,635.5593908,638.1413521,640.2949653,643.1008698,645.6234242,647.8623029,650.4966057,652.6954795,654.8288476,657.0820272,659.488131,661.6675036,663.8371896,666.0331654,668.3170191,670.827521,672.6777421,675.0878793,677.0392888,679.1861805,681.4547195,683.5554618,685.590358,687.8581435,689.7417546,692.0219701,694.1490938,695.9834516,697.6819982,700.0237274,701.9138248,703.5148443,705.1303256,707.4452017,708.9707829,710.7899442,712.7088862,714.5118107,716.5138011,718.3300128,719.7193908,721.6189546,723.1623928,725.2623352,726.7345835,728.4675479,730.228254,731.9556695,733.4106521,734.9651182,736.4196965,738.1053402,739.8417444,741.4245753,742.7124949,743.936451,745.8222112,747.0883129,748.1295942,749.8904512,751.4668354,752.4571876,754.1082102,755.718913,756.7335607,757.8399867,759.2566507,760.6535242,761.8971295,762.9760582,764.3107331,765.5375826,766.6187039,767.9001108,768.7242354,770.4730046,771.1440384,772.3217572,772.9977323,774.1815846,774.9871511,776.5646833,777.7371533,778.4458293,778.9324751,780.3291715,781.3110992,782.0254166,782.3724615],
	"normalizedMeasurements": [0,0.007691824268,0.01552126619,0.02347812523,0.03100125478,0.03843349532,0.04636437682,0.05348337216,0.06037654286,0.06837160412,0.07527958079,0.08207588877,0.08992003633,0.09657596689,0.1029335317,0.109708818,0.1172466104,0.1242761784,0.1312143224,0.138958752,0.1458225298,0.1521342018,0.1591396166,0.1652067681,0.171512579,0.1776743434,0.1848495434,0.1906858168,0.1967144166,0.2032735847,0.2092537787,0.2150239794,0.2218436785,0.2276775115,0.2336899334,0.2403899001,0.2460921573,0.2518314895,0.2573831916,0.2636088182,0.2689634136,0.2747214085,0.2812494876,0.2866218541,0.2918538109,0.298211749,0.3035460557,0.3089303373,0.3141612151,0.3201709052,0.3254692687,0.3311943807,0.337073741,0.342258613,0.3472875189,0.3532176301,0.3586349479,0.3635231998,0.3691937451,0.3745324924,0.3795158937,0.38484126,0.3904238451,0.3952313196,0.4005079541,0.4058462009,0.410508169,0.415603486,0.4210609683,0.4260937291,0.4310010484,0.4358423026,0.4414750879,0.4461946525,0.4508949318,0.4560256552,0.4610684676,0.4658207122,0.4711546689,0.4753484183,0.4800605283,0.4855668962,0.490045039,0.4944404805,0.4989811426,0.5042911781,0.5088165371,0.5132672335,0.5183076293,0.5225409348,0.5271807617,0.5322824028,0.5366100423,0.5410566354,0.5454572467,0.5503655804,0.5543383164,0.5585052392,0.5635105506,0.5679273652,0.5723721759,0.5767007407,0.5809704342,0.585123046,0.5896580682,0.5942751708,0.5978564483,0.6019777888,0.6065754669,0.6107858348,0.614632668,0.6189630407,0.6231706692,0.626817781,0.6312647684,0.6351549094,0.6386390521,0.6427407136,0.6474347188,0.6511342307,0.6547064843,0.6590281464,0.6627091546,0.6663024937,0.6708841191,0.6741793431,0.6779254344,0.6822806681,0.685784461,0.6891210762,0.692655077,0.6966462668,0.700340481,0.7038740761,0.7075030918,0.7111882781,0.7145952786,0.7185452712,0.7219151495,0.7251086986,0.7289887653,0.7322510942,0.7358633368,0.7389466658,0.7426543175,0.7458880488,0.748765104,0.7784779952,0.7812048006,0.7846872483,0.7886099405,0.7919580803,0.7949583471,0.7980052539,0.8018882006,0.8048148728,0.808224824,0.8114239188,0.8147403547,0.8175065929,0.8211106759,0.8243508058,0.8272265645,0.8306102313,0.8334346052,0.8361748394,0.839068967,0.8421595205,0.8449588458,0.847745729,0.8505663805,0.8534999079,0.8567245569,0.8591010989,0.8621968331,0.864703348,0.8674609528,0.8703748091,0.8730731366,0.8756868872,0.8785997757,0.8810192061,0.8839480604,0.886680274,0.8890364402,0.8912181618,0.8942260284,0.8966537901,0.8987102418,0.9007852692,0.9037586438,0.9057181977,0.9080548447,0.9105196562,0.9128354475,0.9154069318,0.9177397901,0.9195243959,0.921964317,0.9239468075,0.9266441076,0.9285351573,0.9307610874,0.9330226507,0.9352414534,0.9371103261,0.9391069815,0.9409753348,0.9431404831,0.9453708315,0.9474039206,0.9490582067,0.9506303341,0.953052525,0.9546787868,0.956016275,0.9582780322,0.9603028407,0.9615749123,0.9636955911,0.9657644806,0.9670677588,0.9684889231,0.9703085768,0.9721028103,0.9737001763,0.9750860212,0.9768003629,0.9783762067,0.9797648679,0.9814107887,0.982469347,0.9847155779,0.9855774964,0.9870902337,0.9879584992,0.9894791148,0.9905138358,0.9925401189,0.9940461142,0.9949563829,0.9955814618,0.9973754679,0.9986367184,0.9995542334,1],
	"spotSize": 500,
	"spotIntensity": 1,
	"user": "Natali",
	"date": "07-Jul-2021 15:31:21",
	"preTime": 500,
	"stimTime": 1000,
	"tailTime": 1000
}
