{
	"ledCurrent": [10,11,12,13,14,15,16,17,18,19,20,21,22,23,24,25,26,27,28,29,30,31,32,33,34,35,36,37,38,39,40,41,42,43,44,45,46,47,48,49,50,51,52,53,54,55,56,57,58,59,60,61,62,63,64,65,66,67,68,69,70,71,72,73,74,75,76,77,78,79,80,81,82,83,84,85,86,87,88,89,90,91,92,93,94,95,96,97,98,99,100,101,102,103,104,105,106,107,108,109,110,111,112,113,114,115,116,117,118,119,120,121,122,123,124,125,126,127,128,129,130,131,132,133,134,135,136,137,138,139,140,141,142,143,144,145,146,147,148,149,150,151,152,153,154,155,156,157,158,159,160,161,162,163,164,165,166,167,168,169,170,171,172,173,174,175,176,177,178,179,180,181,182,183,184,185,186,187,188,189,190,191,192,193,194,195,196,197,198,199,200,201,202,203,204,205,206,207,208,209,210,211,212,213,214,215,216,217,218,219,220,221,222,223,224,225,226,227,228,229,230,231,232,233,234,235,236,237,238,239,240,241,242,243,244,245,246,247,248,249,250,251,252,253,254,255],
	"measurements": [1.578348322,2.123099506,2.833931137,3.676778943,4.500196286,5.218658559,6.146359331,6.900615032,7.663553282,8.42092526,9.127992657,9.825585526,10.63378708,11.3297562,11.99605123,12.66376014,13.50996205,14.34585558,15.12436999,15.9258944,16.58033253,17.19535895,17.87352533,18.50666981,19.16759492,19.83291896,20.66402234,21.31348682,22.00546249,22.67081309,23.29074176,23.84748777,24.54873871,25.15760869,25.73343066,26.40012213,26.96668901,27.59410447,28.20221999,28.92736391,29.5027133,30.07621192,30.77478884,31.31372351,31.88866515,32.48518015,33.0218718,33.51647908,34.07943046,34.70286254,35.32948262,35.84893837,36.50993178,37.03440098,37.60690844,38.18911141,38.71125905,39.24058977,39.82615196,40.32533002,40.79267829,41.27505834,41.85342778,42.39107654,42.93251295,43.52664097,44.02393684,44.55537915,45.12884446,45.66044559,46.16320144,46.68482291,47.19396099,47.69713576,48.11471422,48.69224453,49.1401358,49.63952168,50.18146565,50.69117724,51.16289966,51.73668021,52.15170307,52.67254889,53.09003867,53.67403949,54.09986302,54.6032642,55.07285551,55.55575052,55.94096885,56.45941246,56.86583317,57.31499116,57.75757684,58.31210887,58.72170414,59.15933239,59.68878673,60.14925145,60.57495999,61.08877534,61.51532918,61.94917716,62.41004631,62.81179788,63.20304517,63.62105316,64.03349399,64.47792156,64.83967162,65.32694016,65.71217904,66.1481814,66.60442931,67.02082185,67.38547593,67.82257658,68.24801223,68.66498368,69.01239277,69.47427537,69.78220083,70.1847252,70.58823558,70.96048252,71.29682716,71.71352302,72.01672356,72.38680306,72.7386597,73.1720818,73.50606386,73.84235413,74.26087107,74.59474349,74.97497496,75.35099666,75.72906319,76.05642014,76.46883629,76.77911662,77.08021398,77.41223896,77.75777992,78.10831843,78.36140069,78.72306675,78.99083555,79.26863056,79.61995714,79.8989016,80.22141913,80.49856095,80.86463423,81.1662187,81.50202653,81.81127655,82.12284629,82.38933911,84.05006592,84.33403229,84.61664064,84.91969165,85.15161027,85.38432442,85.61722188,85.87287704,86.10365766,86.34064324,86.6366801,86.89915471,87.12901487,87.43103421,87.67153502,87.92444484,88.16978318,88.46705626,88.69747059,88.94107445,89.21671249,89.43558889,89.64128441,89.89420073,90.11039507,90.33321822,90.59737901,90.81630259,91.04487402,91.25874409,91.52974288,91.76981574,92.001261,92.27502562,92.4958979,92.71036681,92.94794052,93.12241246,93.31956952,93.52943197,93.76293936,93.93534401,94.1014736,94.30541698,94.46574516,94.61892642,94.81187348,94.97037401,95.10830405,95.30627025,95.43959186,95.59268916,95.7344551,95.91229957,96.07044805,96.21602512,96.3793057,96.5066442,96.64324952,96.79630634,96.91218932,97.03812668,97.1492167,97.3012225,97.41453915,97.52913626,97.6933126,97.81860677,97.94550924,98.10693812,98.25370579,98.37846164,98.51485934,98.66288144,98.79596613,98.93258605,99.10740341,99.24043579,99.37032784,99.52491674,99.62146798,99.73024518,99.86503632,99.95982681,100.0368983,100.1245122],
	"normalizedMeasurements": [0,0.005527878128,0.01274106232,0.0212938844,0.02964953531,0.03694015165,0.04635402162,0.05400785279,0.06174979038,0.06943524406,0.07661023057,0.08368907406,0.0918903223,0.09895268874,0.1057139365,0.1124895317,0.1210763896,0.129558643,0.1374586401,0.1455921319,0.1522330614,0.1584740595,0.1653557721,0.1717806237,0.1784873801,0.1852387746,0.1936724198,0.2002628791,0.2072847219,0.214036386,0.2203271299,0.2259767259,0.2330926897,0.2392712151,0.2451143849,0.2518796556,0.2576289091,0.2639956254,0.2701664949,0.2775249134,0.2833632877,0.2891828813,0.2962717104,0.3017405653,0.3075748019,0.3136279549,0.3190740487,0.3240930901,0.3298056552,0.33613195,0.3424905951,0.3477617871,0.3544692365,0.3597913026,0.3656008383,0.3715087595,0.3768072675,0.3821786661,0.3881206751,0.3931860986,0.3979285285,0.4028234937,0.4086925141,0.4141483202,0.4196425616,0.4256714926,0.4307178166,0.4361106425,0.441929898,0.4473243356,0.4524260649,0.4577192336,0.4628857267,0.467991707,0.4722290963,0.4780896015,0.4826345909,0.4877021234,0.4932015152,0.4983738281,0.5031606448,0.5089830992,0.5131945555,0.5184798532,0.5227163426,0.5286425076,0.5329635639,0.5380718418,0.542837033,0.5477372238,0.5516462378,0.556907159,0.5610313247,0.5655891682,0.570080319,0.5757074485,0.5798638281,0.5843046733,0.5896773262,0.5943499051,0.5986697946,0.6038837505,0.6082122177,0.6126147024,0.6172913853,0.6213681707,0.6253383637,0.6295801117,0.6337653667,0.6382752081,0.6419460771,0.6468906485,0.650799871,0.6552242173,0.659854006,0.6640793611,0.6677796988,0.67221519,0.6765323104,0.68076354,0.6842888836,0.6889758505,0.6921005328,0.6961851604,0.7002797934,0.7040571798,0.7074702466,0.7116986797,0.7147754158,0.718530808,0.7221012833,0.7264994463,0.7298885389,0.7333010539,0.7375479665,0.7409359464,0.744794356,0.7486100469,0.7524464877,0.7557683517,0.7599533564,0.7631019348,0.7661573288,0.7695265617,0.7730329484,0.776590048,0.7791582074,0.7828282241,0.7855454156,0.7883643483,0.7919294448,0.7947600416,0.7980327974,0.8008451019,0.804559841,0.8076201779,0.8110277975,0.8141659208,0.8173275836,0.8200318271,0.8368840996,0.8397656564,0.8426334326,0.8457086514,0.8480620522,0.8504235257,0.8527868593,0.8553811272,0.8577229802,0.8601277981,0.8631318405,0.8657953092,0.8681278216,0.8711925715,0.8736330603,0.8761994698,0.8786890476,0.8817056347,0.8840437706,0.8865157477,0.8893127926,0.8915338471,0.8936211482,0.8961876238,0.8983814619,0.9006425662,0.9033231454,0.9055446786,0.9078641137,0.9100343663,0.9127843343,0.9152204804,0.9175690777,0.920347112,0.9225884197,0.9247647492,0.9271755351,0.9289459941,0.9309466509,0.9330762362,0.9354457591,0.9371952401,0.9388810448,0.9409505661,0.9425775009,0.9441319121,0.9460898478,0.9476982365,0.9490978855,0.9511067531,0.952459638,0.9540131972,0.9554517711,0.9572564529,0.958861269,0.9603385166,0.9619954109,0.9632875819,0.9646737883,0.9662269367,0.9674028625,0.9686808155,0.9698081047,0.9713505878,0.9725004717,0.9736633492,0.9753293333,0.9766007594,0.9778885059,0.9795266099,0.9810159391,0.9822819026,0.9836660021,0.9851680606,0.9865185413,0.9879048959,0.98967886,0.9910288098,0.9923468931,0.9939155883,0.9948953448,0.9959991645,0.9973669614,0.9983288506,0.9991109356,1],
	"spotSize": 500,
	"spotIntensity": 1,
	"user": "Natali",
	"date": "08-Jun-2021 15:45:56",
	"preTime": 1000,
	"stimTime": 5000,
	"tailTime": 1000
}
