{
	"ledCurrent": [10,11,12,13,14,15,16,17,18,19,20,21,22,23,24,25,26,27,28,29,30,31,32,33,34,35,36,37,38,39,40,41,42,43,44,45,46,47,48,49,50,51,52,53,54,55,56,57,58,59,60,61,62,63,64,65,66,67,68,69,70,71,72,73,74,75,76,77,78,79,80,81,82,83,84,85,86,87,88,89,90,91,92,93,94,95,96,97,98,99,100,101,102,103,104,105,106,107,108,109,110,111,112,113,114,115,116,117,118,119,120,121,122,123,124,125,126,127,128,129,130,131,132,133,134,135,136,137,138,139,140,141,142,143,144,145,146,147,148,149,150,151,152,153,154,155,156,157,158,159,160,161,162,163,164,165,166,167,168,169,170,171,172,173,174,175,176,177,178,179,180,181,182,183,184,185,186,187,188,189,190,191,192,193,194,195,196,197,198,199,200,201,202,203,204,205,206,207,208,209,210,211,212,213,214,215,216,217,218,219,220,221,222,223,224,225,226,227,228,229,230,231,232,233,234,235,236,237,238,239,240,241,242,243,244,245,246,247,248,249,250,251,252,253,254,255],
	"measurements": [10.2128138,16.40548393,23.00435112,30.8052194,37.11149388,43.4145885,50.56132031,56.88598691,63.2511936,70.27382385,76.52241042,82.25510228,89.34273868,95.55694523,101.7240983,107.8128451,115.237823,121.2405687,127.4990309,134.4911127,140.5775289,146.406517,152.8700962,158.4018058,163.9137843,169.4919259,175.6754355,181.1382734,186.6354305,192.821803,198.4069139,203.6195438,209.4980096,214.8783615,220.0116257,226.2042799,231.315475,236.5961875,241.3531922,247.3777931,252.405378,257.7155012,263.4134801,268.4847439,273.4677204,278.8268676,283.9847935,288.7882892,293.6550936,299.0324519,303.8304673,308.6912902,314.0590654,318.819054,323.468778,328.8309388,333.5830952,338.3407808,343.4912621,348.2726295,352.7199415,357.3821906,362.6890171,367.238812,371.6311244,376.6128313,381.1842793,385.677744,390.764172,395.0607745,399.7802969,403.9315118,409.0307265,413.5851802,417.749205,422.8110235,426.9358583,431.399886,436.4734952,440.4469029,444.7077689,449.4086695,453.9349657,458.0774904,462.0074975,466.7589388,470.9938356,474.801989,479.4123821,483.3723075,487.4096617,491.938131,495.9348463,499.9970326,503.9411362,508.3177383,512.1912419,516.1296082,520.5148348,524.2053787,527.8274392,532.2061568,536.1183708,539.7165185,543.8730073,547.9052551,551.3213938,554.8691286,559.1090036,562.6926427,566.3961442,570.429875,573.8652985,577.4511935,581.5368918,585.1295258,588.515796,592.0782658,596.172628,599.4852462,602.7725054,606.6720855,610.2115566,613.6165872,617.1716417,620.4623542,623.7569053,627.7652754,630.8289959,634.0342254,637.2603617,640.9418689,643.9339856,646.9372815,650.4508976,653.7140001,656.7243667,660.2515005,663.3138987,666.299353,669.7197672,672.5158344,675.5403213,678.5147705,681.7220408,684.4071847,687.2379256,690.6441601,693.3985529,696.1088941,699.2439383,702.2985576,704.9261333,707.6073828,710.4197501,713.1999285,715.8375234,718.9853858,721.4387603,723.9657682,727.0509524,729.560766,731.9819291,734.743281,737.1713038,739.8347385,742.0952741,744.8865367,747.1785083,749.6423322,752.4762264,754.6011111,756.7997111,759.3681488,761.6738186,763.8772689,766.0636474,768.5784057,770.8612011,772.849712,775.339321,777.5089299,779.5287756,782.0023957,784.0464147,785.9078389,788.2884176,790.2029573,792.0858701,793.9436081,796.3157738,798.0094008,799.8587612,802.0299846,803.8973722,805.5157981,807.6266065,809.2915221,811.2521704,812.8566824,814.5329471,816.3392757,817.9767688,819.9407392,821.547767,823.1358935,825.0421785,826.6529564,828.0046513,829.8098466,831.1779678,832.8299624,834.1678749,835.7495684,837.0599605,838.3557456,840.0761795,841.0839986,842.3702931,872.4299615,873.9094982,875.1807362,876.4883078,878.0951258,879.3209268,880.5673184,881.9014628,883.2925619,884.5279375,886.0089975,886.9547529,888.1439806,889.4859879,890.5594792,891.7011718,892.615764,894.0635449,894.8524709,895.6806384,896.872373,897.8373045,898.8858736,900.0432415,900.8348758,901.5848651,902.3828429],
	"normalizedMeasurements": [0,0.00694113222,0.01433755551,0.02308125686,0.03014972394,0.03721462683,0.04522513108,0.0523142132,0.05944873519,0.06732013864,0.07432394551,0.08074950528,0.0886937717,0.09565904329,0.1025715744,0.1093962228,0.1177186028,0.1244468557,0.1314617318,0.1392988947,0.1461209308,0.1526544254,0.1598992095,0.1660994959,0.1722776663,0.1785299964,0.1854608609,0.1915839516,0.1977455093,0.2046795826,0.2109397244,0.2167823662,0.2233713186,0.2294019537,0.2351556375,0.2420967518,0.2478256992,0.2537446522,0.2590766007,0.2658293504,0.2714645822,0.2774165006,0.283803152,0.2894873417,0.2950725737,0.3010794412,0.3068607673,0.3122448259,0.3176998448,0.3237271245,0.3291050405,0.334553355,0.3405698933,0.3459051863,0.351116888,0.3571271335,0.3624536477,0.3677863594,0.3735593412,0.378918597,0.3839034226,0.3891291632,0.3950773864,0.4001770812,0.4051002598,0.4106840687,0.4158080337,0.4208445901,0.4265457769,0.4313616779,0.4366516139,0.4413045554,0.4470200743,0.452124991,0.4567922906,0.4624658936,0.4670892666,0.4720928282,0.4777796468,0.4822332908,0.4870091361,0.4922781996,0.4973515557,0.5019947567,0.5063997545,0.5117254672,0.5164722046,0.5207406213,0.5259082384,0.5303467705,0.5348720898,0.5399478816,0.5444276502,0.5489808028,0.553401601,0.5583071705,0.5626488357,0.5670632031,0.5719784395,0.5761150321,0.5801748641,0.5850828048,0.5894678591,0.5935008882,0.598159741,0.6026793366,0.6065083587,0.6104848819,0.6152371991,0.6192539661,0.6234050823,0.6279263402,0.6317769778,0.6357962734,0.6403757797,0.6444026287,0.6481981722,0.6521912114,0.6567804287,0.6604934185,0.6641779843,0.6685488777,0.6725161385,0.6763327098,0.6803174374,0.6840058739,0.6876986129,0.692191445,0.6956254547,0.6992180765,0.7028341319,0.7069605956,0.7103143472,0.7136806292,0.71761891,0.7212763995,0.7246506067,0.728604039,0.7320365666,0.7353828506,0.7392166649,0.742350672,0.7457407062,0.7490746549,0.7526695642,0.7556792415,0.7588521131,0.7626700339,0.7657573296,0.7687952498,0.7723092035,0.7757330119,0.7786781632,0.7816834754,0.7848357527,0.7879519506,0.790908332,0.7944366533,0.7971865489,0.8000189775,0.803477045,0.8062902012,0.8090039922,0.8120990883,0.8148205681,0.8178059124,0.8203396623,0.823468284,0.8260372692,0.8287988772,0.8319752832,0.8343569869,0.8368213154,0.8397001811,0.8422845202,0.8447542851,0.8472049149,0.8500236134,0.8525823134,0.8548111608,0.8576016704,0.8600335038,0.8622974733,0.8650700614,0.8673611258,0.8694475266,0.8721158282,0.8742617642,0.8763722507,0.8784545196,0.8811133914,0.8830117145,0.8850845934,0.8875182364,0.8896113213,0.8914253543,0.8937912805,0.8956574221,0.8978550394,0.8996534769,0.9015323393,0.9035569854,0.9053923901,0.907593731,0.9093949883,0.9111750599,0.9133117434,0.9151172042,0.9166322684,0.9186556442,0.9201891201,0.922040779,0.9235403951,0.9253132561,0.9267820256,0.9282344226,0.9301627926,0.9312924192,0.9327341787,0.9664269362,0.9680852935,0.9695101765,0.9709757846,0.9727768068,0.9741507613,0.975547795,0.9770431875,0.9786024185,0.9799871047,0.9816471695,0.9827072313,0.9840401921,0.9855443979,0.9867476341,0.9880273146,0.9890524468,0.9906752102,0.9915594878,0.9924877497,0.9938235205,0.9949050761,0.996080378,0.9973776284,0.9982649417,0.9991055766,1],
	"spotSize": 500,
	"spotIntensity": 1,
	"user": "Natali",
	"date": "21-Oct-2025 14:13:09",
	"preTime": 500,
	"stimTime": 1000,
	"tailTime": 1000
}
