{
	"ledCurrent": [10,11,12,13,14,15,16,17,18,19,20,21,22,23,24,25,26,27,28,29,30,31,32,33,34,35,36,37,38,39,40,41,42,43,44,45,46,47,48,49,50,51,52,53,54,55,56,57,58,59,60,61,62,63,64,65,66,67,68,69,70,71,72,73,74,75,76,77,78,79,80,81,82,83,84,85,86,87,88,89,90,91,92,93,94,95,96,97,98,99,100,101,102,103,104,105,106,107,108,109,110,111,112,113,114,115,116,117,118,119,120,121,122,123,124,125,126,127,128,129,130,131,132,133,134,135,136,137,138,139,140,141,142,143,144,145,146,147,148,149,150,151,152,153,154,155,156,157,158,159,160,161,162,163,164,165,166,167,168,169,170,171,172,173,174,175,176,177,178,179,180,181,182,183,184,185,186,187,188,189,190,191,192,193,194,195,196,197,198,199,200,201,202,203,204,205,206,207,208,209,210,211,212,213,214,215,216,217,218,219,220,221,222,223,224,225,226,227,228,229,230,231,232,233,234,235,236,237,238,239,240,241,242,243,244,245,246,247,248,249,250,251,252,253,254,255],
	"measurements": [9.719715031,16.65284112,25.14071305,32.97775719,40.41581116,47.76667574,55.80013654,62.9017608,70.03107237,78.04816287,84.80364398,91.68211227,99.3817075,106.3954589,113.2972035,120.0948354,127.9359003,134.8266008,142.0931864,149.9541362,156.7947903,163.0432298,170.321086,176.7316088,182.8875015,189.1832155,196.3921153,202.5204561,208.4263386,215.3281004,221.4426089,227.3192871,234.2547417,239.9152091,245.6752237,252.4518303,258.4578789,264.2874959,270.1822901,276.8602627,282.500838,288.1121639,294.4081679,299.7631648,305.5035544,311.7995228,317.2696495,322.6962402,328.1737031,334.4664831,339.8503809,345.071641,351.1643036,356.4597682,361.5680571,367.4420381,372.5808952,377.7628863,383.6552718,388.844026,394.0357767,399.3403269,405.2413081,410.3678511,415.6542907,421.3791583,426.365113,431.1867614,437.1043662,441.9554288,446.5843332,451.7212667,457.0604645,462.2227251,467.2272517,472.644496,477.4104649,482.3112166,487.5829619,492.2006908,497.2173638,502.7146959,507.0262731,511.8338219,516.4701863,521.2327594,526.0144299,530.8301334,535.842783,540.3927893,545.156197,550.1980494,554.4157486,559.094937,563.3188791,568.2648788,572.5761261,577.3395474,582.0292408,586.3837647,590.8421909,596.0148743,599.9604631,604.0940174,609.1597191,613.378719,617.4669198,621.7225612,626.4700114,630.4730097,634.3983267,639.2844326,643.1213839,647.2343452,651.8555971,655.7734756,659.6668608,663.5351739,668.3433608,671.9318007,675.745116,680.3310033,684.1177251,687.7464167,691.967106,695.7518285,699.6348888,703.7918774,707.3321589,711.2197076,714.7241354,719.1432399,722.6897001,726.4098641,730.4540548,733.8587909,737.5220926,741.5910081,744.8135042,748.3965012,752.5465339,756.0460364,759.1140777,762.4008618,766.2689694,769.6561463,772.8231001,776.7264587,806.3690022,809.6929796,813.5402069,816.959891,820.2695641,823.4609283,827.1606822,830.3699655,833.4549386,837.0943421,840.2876139,843.4072507,847.0375388,850.0569895,853.1312117,856.6115048,859.5912492,862.4414849,865.4876742,868.8079855,871.592247,874.4537789,877.7495379,880.529174,883.4246269,886.7012376,889.3430872,892.2160314,894.8612349,897.9447084,900.7299031,903.4345803,906.3952943,909.1308158,911.5398401,914.5072195,917.2475425,919.6304706,922.5463919,924.8592247,927.286207,929.7673139,932.6239944,934.9051578,937.2788949,940.0508849,942.0510329,944.5089764,947.2497598,949.3474386,951.5391738,953.6947279,956.2118465,958.2634945,960.2917727,962.97298,964.9955126,966.8572832,969.1910318,971.2571967,973.1549566,975.3668712,977.4120234,979.2814252,980.9188837,983.0121553,984.9618089,986.5856192,988.7585257,990.4478178,992.165027,994.1488608,995.6308203,997.236926,998.8239417,1000.794092,1002.148246,1003.688561,1005.412732,1006.880775,1008.524527,1010.160777,1011.448913,1012.964882,1014.800218,1016.169607,1017.404459,1018.621026,1020.110187,1021.272809,1022.77822,1024.334603,1025.350957,1026.450516,1027.826487,1029.115439,1030.046874,1031.264613],
	"normalizedMeasurements": [0,0.006786902955,0.01509576138,0.0227675183,0.03004869995,0.03724453109,0.04510856214,0.05206040955,0.05903936034,0.06688736635,0.07350037096,0.08023376887,0.08777097575,0.09463680362,0.1013929869,0.1080472533,0.1157229462,0.1224683184,0.129581648,0.1372768064,0.1439731876,0.1500898443,0.1572142069,0.1634895286,0.1695155903,0.1756785246,0.182735385,0.1887344761,0.1945158005,0.2012720006,0.207257551,0.2130102871,0.2197994695,0.2253405548,0.2309790877,0.2376127723,0.2434921504,0.2491988177,0.2549692877,0.2615064186,0.2670280313,0.2725210115,0.2786842296,0.2839262868,0.2895456087,0.295708792,0.301063551,0.3063756921,0.3117376326,0.3178976947,0.3231680433,0.3282791844,0.3342433496,0.3394271303,0.3444276828,0.3501777786,0.3552082546,0.3602809548,0.366049067,0.3711283877,0.3762106417,0.3814033163,0.3871798429,0.3921982645,0.3973732104,0.4029773376,0.407858136,0.4125780935,0.4183708929,0.4231196442,0.4276509227,0.4326795157,0.437906107,0.4429594929,0.4478584715,0.4531614634,0.4578269156,0.462624308,0.4677848696,0.4723052082,0.477216077,0.4825974676,0.4868181115,0.4915242667,0.4960628478,0.5007249759,0.5054057984,0.5101199364,0.5150268667,0.519480911,0.524143856,0.5290793733,0.533208119,0.5377886209,0.541923478,0.5467651641,0.5509854849,0.5556484433,0.5602392287,0.5645019136,0.5688663093,0.5739298981,0.5777922725,0.581838648,0.5867975115,0.5909275306,0.5949295092,0.5990953969,0.603742721,0.6076612941,0.6115038242,0.6162868795,0.6200429076,0.6240691245,0.6285929119,0.6324281603,0.636239432,0.6400261605,0.6447329403,0.6482456982,0.6519785888,0.6564677573,0.6601746153,0.6637267759,0.6678584488,0.6715633496,0.6753645142,0.6794338298,0.682899445,0.6867050033,0.690135521,0.6944614243,0.6979330879,0.7015747917,0.7055336884,0.7088666169,0.7124526577,0.7164357578,0.7195902898,0.7230977196,0.7271602259,0.7305859222,0.7335892569,0.7368067211,0.7405932483,0.743908988,0.7470091491,0.7508301839,0.7798475512,0.7831014242,0.7868675116,0.7902150728,0.7934549432,0.7965789999,0.8002007242,0.803342322,0.8063622315,0.8099248782,0.8130508023,0.8161046443,0.8196583678,0.8226141367,0.8256235221,0.829030414,0.8319473141,0.8347374369,0.8377193805,0.8409696648,0.8436952048,0.8464963856,0.8497226353,0.8524436475,0.8552780338,0.8584855391,0.8610716709,0.8638840232,0.866473438,0.8694918795,0.8722183331,0.8748659672,0.8777642383,0.8804420663,0.882800283,0.8857050789,0.888387607,0.890720278,0.8935747011,0.8958387551,0.898214551,0.9006433302,0.9034397618,0.9056728143,0.9079964881,0.9107100155,0.9126679793,0.9150740836,0.9177570624,0.9198105001,0.9219560105,0.9240661029,0.9265301342,0.9285385119,0.9305240127,0.933148672,0.9351285484,0.9369510533,0.9392355819,0.9412581704,0.9431159056,0.9452811698,0.9472831887,0.9491131638,0.9507160875,0.9527652109,0.9546737454,0.9562633087,0.9583903875,0.9600440516,0.961725044,0.9636670377,0.9651177419,0.9666899741,0.9682435188,0.9701721172,0.971497712,0.9730055407,0.9746933486,0.9761304293,0.9777395135,0.9793412541,0.9806022226,0.9820862195,0.9838828476,0.9852233554,0.9864321638,0.987623073,0.9890808269,0.990218928,0.9916925891,0.9932161472,0.9942110661,0.9952874348,0.9966343857,0.9978961536,0.9988079434,1],
	"spotSize": 500,
	"spotIntensity": 1,
	"user": "Natali",
	"date": "21-Aug-2023 15:58:28",
	"preTime": 500,
	"stimTime": 1000,
	"tailTime": 1000
}
