{
	"ledCurrent": [10,11,12,13,14,15,16,17,18,19,20,21,22,23,24,25,26,27,28,29,30,31,32,33,34,35,36,37,38,39,40,41,42,43,44,45,46,47,48,49,50,51,52,53,54,55,56,57,58,59,60,61,62,63,64,65,66,67,68,69,70,71,72,73,74,75,76,77,78,79,80,81,82,83,84,85,86,87,88,89,90,91,92,93,94,95,96,97,98,99,100,101,102,103,104,105,106,107,108,109,110,111,112,113,114,115,116,117,118,119,120,121,122,123,124,125,126,127,128,129,130,131,132,133,134,135,136,137,138,139,140,141,142,143,144,145,146,147,148,149,150,151,152,153,154,155,156,157,158,159,160,161,162,163,164,165,166,167,168,169,170,171,172,173,174,175,176,177,178,179,180,181,182,183,184,185,186,187,188,189,190,191,192,193,194,195,196,197,198,199,200,201,202,203,204,205,206,207,208,209,210,211,212,213,214,215,216,217,218,219,220,221,222,223,224,225,226,227,228,229,230,231,232,233,234,235,236,237,238,239,240,241,242,243,244,245,246,247,248,249,250,251,252,253,254,255],
	"measurements": [12.66216996,19.24444599,26.15496998,34.06702571,40.6878088,47.13026396,54.34875303,60.6538693,67.18001187,74.06783485,80.17730807,86.28322333,93.57602798,99.76110459,106.0543971,112.2025914,119.3188859,125.7215296,132.1818309,139.5012838,145.0221578,151.1508396,157.4483918,162.7486062,168.3910938,174.0647383,180.593403,186.0540369,191.6624785,197.9416525,203.2644166,208.4962919,214.4785494,219.7192695,225.3569878,231.4075545,236.8027262,241.958054,247.0983025,252.7687285,258.0621523,263.0288548,268.712535,273.8033031,278.7108408,284.3619487,289.4691953,294.4468514,299.3291424,304.8173835,309.6466914,314.2442313,319.6559412,324.4033551,329.0536679,334.3250961,339.0018385,343.7946108,349.2744837,354.0416609,358.6118347,363.2529411,368.4117001,372.8952116,377.4079678,382.414501,387.0497894,391.460833,396.6509607,400.8672633,405.4892645,409.8575448,414.6269853,418.8758964,423.7539281,428.7931294,432.6083316,437.1685483,442.2137906,446.1711193,450.54008,455.3687067,459.6096765,463.5481663,467.816641,472.6931854,476.704831,480.7965395,485.3831233,489.4775061,493.055121,498.0849956,502.0901351,505.8484261,509.745165,514.2884744,518.0512076,521.727155,526.2059931,530.2604429,533.9135756,538.231634,541.935289,545.9207026,550.0586853,553.8570004,557.6772827,561.3465894,565.3234233,569.1124031,572.8104752,576.7228483,580.2695462,583.9598235,588.1131169,591.5133809,595.012493,598.6642525,602.5404241,605.8301265,609.1938782,613.1564793,616.4922758,619.7031511,623.6417259,626.9129168,630.389192,634.1107089,637.0849026,640.5019963,643.5367133,647.0214044,650.1883074,653.5589251,657.0243265,660.0100645,663.2313548,667.026739,669.7084825,672.6539375,676.1883689,679.1944183,681.8120279,684.5798409,688.2571176,691.0501551,693.7329356,697.1951465,700.1001823,702.8471698,705.7786605,708.6942893,711.4463998,714.1339436,717.0484417,719.9065418,722.7226303,725.4673325,728.2159949,730.8155771,733.781633,736.1000583,738.7737224,741.693322,744.2490737,746.6997484,749.0982353,751.9252013,754.4504528,756.6204016,759.4836432,761.7175452,764.0991588,766.5260409,768.8816535,771.1074562,773.325267,775.8939368,777.9011318,780.2270945,782.7984417,784.5904663,786.5268887,789.2527533,791.2281148,792.9985369,795.4234797,797.5777977,799.4816554,801.2517092,803.3967081,805.2421378,806.9603527,809.2094824,810.9951541,812.7299508,814.9007165,816.5208378,818.1462912,820.0625109,849.7033701,851.4207407,853.0642698,855.5018135,856.9403547,858.5389737,860.5456026,862.2058971,863.8081287,865.6329897,867.132908,868.6564825,870.2329576,871.9386593,873.3317314,874.8066739,876.4839029,878.0085087,879.2529731,880.9504705,882.018171,883.4126277,884.9549247,886.5441497,887.7307344,888.8728802,890.4779775,891.6270187,892.8369508,894.1712401,895.3925981,896.3797098,897.6543212,898.7674297,900.0400952,900.8540595,902.1526455,902.9317105,903.8199068,905.2332368,906.0117604,906.9467608,908.1623971,908.9592851,909.799999,910.640294],
	"normalizedMeasurements": [0,0.007330107335,0.01502575582,0.02383672295,0.03120971223,0.03838411324,0.0464227156,0.05344417426,0.06071177065,0.06838213899,0.07518572703,0.08198535287,0.09010671402,0.09699449497,0.1040027865,0.1108494948,0.118774292,0.1259043585,0.1330986332,0.1412496701,0.1473977866,0.1542227654,0.1612358007,0.1671381877,0.1734217345,0.1797399781,0.1870103832,0.1930914153,0.1993370482,0.2063296171,0.2122571158,0.2180833994,0.2247453184,0.2305814518,0.2368596875,0.2435976764,0.2496058091,0.2553468486,0.2610710954,0.2673857548,0.2732805797,0.2788115636,0.285140983,0.2908101279,0.2962752251,0.3025683717,0.3082558672,0.3137990491,0.3192360312,0.3253478072,0.3307257866,0.3358456662,0.341872216,0.3471589973,0.3523376455,0.3582079758,0.3634160563,0.3687533493,0.3748558063,0.3801645962,0.3852540006,0.3904223965,0.3961672569,0.401160153,0.4061856164,0.4117609563,0.4169228731,0.4218350681,0.4276148611,0.43231019,0.4374573099,0.4423218831,0.4476331935,0.4523648356,0.4577970745,0.4634087939,0.4676574523,0.4727357683,0.4783542151,0.4827611472,0.4876264781,0.493003699,0.4977264976,0.5021124504,0.5068658789,0.5122964615,0.5167638817,0.5213204609,0.5264281397,0.5309876971,0.5349717752,0.5405731082,0.5450332831,0.5492185644,0.553558023,0.5586175109,0.5628077389,0.5669013214,0.5718890131,0.5764041006,0.5804722762,0.5852809217,0.5894053595,0.5938435675,0.5984516782,0.6026815308,0.6069358464,0.6110220336,0.615450687,0.6196701437,0.6237883644,0.6281452335,0.6320948819,0.6362044222,0.6408295831,0.644616161,0.6485128173,0.6525794636,0.6568960182,0.6605594732,0.6643053904,0.668718194,0.6724329799,0.6760086519,0.6803946996,0.6840375399,0.6879087648,0.6920530938,0.6953651942,0.6991705137,0.7025500136,0.7064306106,0.7099573145,0.7137108778,0.7175699934,0.7208949497,0.7244822201,0.7287088088,0.7316952328,0.7349753295,0.7389113177,0.742258893,0.7451738968,0.748256169,0.7523512316,0.7554615942,0.7584491731,0.7623047357,0.765539821,0.7685989017,0.7718634474,0.7751103292,0.7781751149,0.7811679983,0.7844136209,0.7875964379,0.7907324704,0.7937890061,0.7968499519,0.7997448801,0.8030479181,0.8056297464,0.8086071731,0.8118584769,0.8147045949,0.8174336977,0.8201046837,0.8232528294,0.826064982,0.8284814649,0.8316700076,0.8341577096,0.8368099052,0.8395125124,0.8421357528,0.8446144354,0.8470842181,0.8499447218,0.85217996,0.854770182,0.8576336674,0.859629289,0.8617857139,0.8648212718,0.8670210598,0.8689926247,0.8716930723,0.8740921485,0.8762123089,0.8781834636,0.880572162,0.8826272563,0.8845406825,0.8870453424,0.8890338893,0.8909657813,0.8933831739,0.8951873619,0.8969974877,0.8991314146,0.932139857,0.934052343,0.9358825982,0.9385970782,0.9401990562,0.941979299,0.9442139067,0.9460628321,0.9478470978,0.9498792864,0.9515496148,0.953246287,0.9550018699,0.9569013614,0.9584527043,0.9600952193,0.9619630031,0.9636608238,0.9650466754,0.9669370303,0.9681260353,0.9696789203,0.9713964421,0.9731662235,0.9744876195,0.9757595278,0.9775469848,0.9788265718,0.9801739679,0.9816598496,0.9830199695,0.9841192298,0.9855386535,0.9867782254,0.9881954822,0.9891019233,0.9905480454,0.9914156222,0.992404729,0.9939786315,0.9948456054,0.9958868339,0.9972405821,0.9981280069,0.9990642366,1],
	"spotSize": 500,
	"spotIntensity": 1,
	"user": "Natali",
	"date": "22-Nov-2024 12:11:55",
	"preTime": 500,
	"stimTime": 1000,
	"tailTime": 1000
}
