{
	"ledCurrent": [10,11,12,13,14,15,16,17,18,19,20,21,22,23,24,25,26,27,28,29,30,31,32,33,34,35,36,37,38,39,40,41,42,43,44,45,46,47,48,49,50,51,52,53,54,55,56,57,58,59,60,61,62,63,64,65,66,67,68,69,70,71,72,73,74,75,76,77,78,79,80,81,82,83,84,85,86,87,88,89,90,91,92,93,94,95,96,97,98,99,100,101,102,103,104,105,106,107,108,109,110,111,112,113,114,115,116,117,118,119,120,121,122,123,124,125,126,127,128,129,130,131,132,133,134,135,136,137,138,139,140,141,142,143,144,145,146,147,148,149,150,151,152,153,154,155,156,157,158,159,160,161,162,163,164,165,166,167,168,169,170,171,172,173,174,175,176,177,178,179,180,181,182,183,184,185,186,187,188,189,190,191,192,193,194,195,196,197,198,199,200,201,202,203,204,205,206,207,208,209,210,211,212,213,214,215,216,217,218,219,220,221,222,223,224,225,226,227,228,229,230,231,232,233,234,235,236,237,238,239,240,241,242,243,244,245,246,247,248,249,250,251,252,253,254,255],
	"measurements": [17.59079154,22.91892938,28.39479769,34.93474652,40.31258748,46.04922617,52.74892978,58.64519183,64.5142367,70.850219,76.62611722,82.27379645,88.50042241,94.34554521,100.073238,105.7253299,112.5622179,118.5693132,124.4592377,131.0157507,136.5429309,142.0484142,148.2625918,153.8252769,158.968686,164.2315726,170.3671341,175.7546445,181.0557489,186.8205175,192.2221176,197.4153241,203.2597199,208.2201376,213.462296,219.1108854,224.2100155,229.1472631,234.2752646,239.6958355,244.6393701,249.6663169,255.2429423,260.2083999,265.0852241,270.3180091,275.119834,280.0745262,284.8625248,290.309892,295.2752574,299.9201009,305.4048998,309.8231221,314.6676526,319.9806123,324.508929,329.1222309,334.5872419,339.1401072,343.5846627,348.2357316,353.2501355,357.9495835,362.6484562,367.5506608,371.8918079,376.2480834,381.1999581,385.583137,389.9733777,394.5084026,399.513491,403.7322473,407.9032542,412.7219842,417.1436351,421.519809,426.2854773,430.5118998,434.7164486,439.4697519,443.621503,447.7451835,451.989981,456.8477503,460.7855484,464.884169,469.2066041,473.3836145,477.3722373,481.832137,485.9086493,489.8066919,493.7992803,498.1526363,502.3382933,505.9829333,510.4614999,514.015745,518.0237916,522.1726223,525.9306451,529.694889,534.0239178,537.7025894,541.5195964,545.2429845,549.538568,553.0551397,556.5717413,560.7433415,564.1377658,567.5650409,571.7241712,575.2463754,578.8930811,582.210029,586.1476594,589.6376595,593.0001952,596.9532417,600.4359935,603.8718087,607.635594,610.9549441,614.3140174,618.0372912,621.3301105,624.5398741,627.6938993,631.3459058,634.616376,637.823688,641.3097153,644.1995714,647.2434053,650.7134391,653.6097081,657.0063667,660.3598275,663.6256786,666.3838518,669.2530082,672.6417645,675.4685282,678.3344643,681.6247199,684.3545558,687.2285919,690.5715394,693.193227,695.8709171,698.3926885,701.6499617,704.5543522,707.1854614,710.172348,712.8838522,715.5329102,718.2465109,720.7819296,723.3575501,726.2562604,728.7876651,731.3411326,733.8987728,736.6013104,738.9283771,741.3210504,744.0216826,746.356205,748.6965361,751.5288084,753.9699719,756.196503,758.5048319,760.9671076,763.0816037,765.2807369,767.7870593,769.8373058,771.9330288,774.577832,776.4918863,778.5270038,781.0226646,782.7478894,784.6950602,786.7164377,789.1213055,790.8866226,792.719425,795.105939,796.8507026,798.6407982,800.3833808,802.3168544,804.2102274,806.0361414,807.9603065,809.723654,811.3911376,813.2894081,814.7945823,816.496731,818.3909506,820.2926916,821.5647706,823.5892732,825.075651,826.5041441,827.9145151,829.6327923,830.9825219,832.6305751,834.2607058,835.521081,865.0273792,866.6477078,868.0605671,869.4006116,870.7507371,872.2699139,873.4959175,874.8613671,876.5779609,877.5735278,879.049881,880.2955235,881.453009,882.8352775,884.2935966,885.4346689,886.4414693,887.3798991,888.8333084,889.8841889,890.9703028,892.100608,893.2075892,894.0543322,895.1982548,895.9904981,896.8230866,897.9326717],
	"normalizedMeasurements": [0,0.00605235075,0.01227251184,0.01970138575,0.02581019539,0.03232657138,0.03993691432,0.04663461004,0.05330138917,0.06049857295,0.06705954472,0.07347486966,0.08054783314,0.08718743866,0.0936936528,0.1001139902,0.107880164,0.1147037577,0.1213942544,0.128841944,0.1351203914,0.1413741928,0.1484330159,0.1547517941,0.1605943073,0.1665725377,0.173542059,0.1796618525,0.1856834953,0.1922318247,0.1983676228,0.204266702,0.2109054818,0.216540131,0.2224948158,0.2289111747,0.2347033904,0.2403117202,0.2461367316,0.2522940792,0.2579095505,0.2636197715,0.2699543849,0.2755947591,0.2811344526,0.2870784899,0.29253299,0.2981611355,0.3035999301,0.3097877162,0.3154279856,0.320704167,0.3269344726,0.3319532299,0.3374562403,0.3434913499,0.3486351659,0.3538755186,0.3600833466,0.3652550479,0.3703037178,0.3755869708,0.3812829442,0.3866211521,0.3919587066,0.3975272302,0.4024584361,0.4074068268,0.4130317718,0.4180107226,0.4229976951,0.4281491311,0.4338345227,0.4386267023,0.4433646422,0.4488383452,0.4538609972,0.4588319908,0.4642454198,0.4690463075,0.4738223485,0.4792217318,0.4839377985,0.4886219794,0.4934437396,0.4989617882,0.5034348211,0.5080905357,0.5130004863,0.5177452456,0.5222760114,0.527342111,0.5319727124,0.536400586,0.5409358563,0.5458809306,0.5506355118,0.5547755398,0.5598628436,0.56390019,0.5684530196,0.573165769,0.5774345911,0.5817104798,0.5866279202,0.5908066055,0.595142429,0.5993719087,0.6042513579,0.6082459102,0.6122404964,0.6169791103,0.6208349127,0.624728031,0.62945248,0.6334534304,0.6375958048,0.6413636,0.6458364423,0.6498008113,0.6536203908,0.6581107446,0.66206688,0.6659696993,0.6702450671,0.6740155909,0.6778312374,0.6820605871,0.6858009741,0.6894470163,0.6930297439,0.6971781396,0.7008931398,0.7045363972,0.7084962534,0.7117789054,0.7152364644,0.7191781532,0.7224680898,0.7263264302,0.7301357013,0.7338454544,0.7369785249,0.7402376638,0.7440870277,0.7472980118,0.7505534926,0.7542909674,0.7573918489,0.7606565307,0.7644538594,0.7674318929,0.7704735409,0.7733380774,0.7770380867,0.7803372487,0.7833259844,0.7867188556,0.7897989137,0.7928080379,0.7958904775,0.7987705163,0.8016962211,0.8049889308,0.80786441,0.8107649508,0.8136702314,0.8167401041,0.8193834712,0.8221013622,0.8251690706,0.8278209068,0.8304793411,0.8336965825,0.8364695546,0.838998721,0.8416208034,0.8444177573,0.8468196606,0.8493177051,0.8521646927,0.8544936134,0.8568741921,0.8598784831,0.8620527001,0.8643644356,0.8671993123,0.8691590337,0.8713708685,0.8736669963,0.8763987393,0.8784040025,0.8804859236,0.8831968183,0.8851787342,0.8872121437,0.8891915822,0.891387858,0.8935385827,0.8956126792,0.8977983813,0.8998014071,0.901695539,0.9038518268,0.9055615878,0.9074950965,0.9096467829,0.9118070129,0.9132519958,0.9155516735,0.9172400833,0.9188627405,0.9204648125,0.9224166419,0.9239498298,0.9258218903,0.9276735922,0.9291052805,0.9626221435,0.9644627109,0.9660676094,0.9675897958,0.9691234335,0.9708491004,0.9722417453,0.97379279,0.9757427072,0.9768735939,0.9785506165,0.9799655696,0.9812803831,0.9828505329,0.9845070701,0.9858032396,0.9869468867,0.98801287,0.98966383,0.9908575487,0.9920912897,0.9933752287,0.9946326734,0.9955945076,0.9968939148,0.9977938416,0.9987395975,1],
	"spotSize": 500,
	"spotIntensity": 1,
	"user": "Natali",
	"date": "22-Nov-2024 12:34:12",
	"preTime": 500,
	"stimTime": 1000,
	"tailTime": 1000
}
