{
	"ledCurrent": [10,11,12,13,14,15,16,17,18,19,20,21,22,23,24,25,26,27,28,29,30,31,32,33,34,35,36,37,38,39,40,41,42,43,44,45,46,47,48,49,50,51,52,53,54,55,56,57,58,59,60,61,62,63,64,65,66,67,68,69,70,71,72,73,74,75,76,77,78,79,80,81,82,83,84,85,86,87,88,89,90,91,92,93,94,95,96,97,98,99,100,101,102,103,104,105,106,107,108,109,110,111,112,113,114,115,116,117,118,119,120,121,122,123,124,125,126,127,128,129,130,131,132,133,134,135,136,137,138,139,140,141,142,143,144,145,146,147,148,149,150,151,152,153,154,155,156,157,158,159,160,161,162,163,164,165,166,167,168,169,170,171,172,173,174,175,176,177,178,179,180,181,182,183,184,185,186,187,188,189,190,191,192,193,194,195,196,197,198,199,200,201,202,203,204,205,206,207,208,209,210,211,212,213,214,215,216,217,218,219,220,221,222,223,224,225,226,227,228,229,230,231,232,233,234,235,236,237,238,239,240,241,242,243,244,245,246,247,248,249,250,251,252,253,254,255],
	"measurements": [11.34421926,18.99804375,26.95049705,35.77263182,43.12510926,50.63164541,59.00216955,66.0816694,73.48982265,81.60605532,88.4375898,95.44383583,103.5956675,110.4511171,117.4911322,124.6438338,132.4807248,139.8713694,146.8730944,155.1836421,161.7186732,167.9669785,175.5566485,181.9495323,188.4377393,194.851608,202.2205554,208.3496671,214.3785851,221.5767964,227.7859997,233.4619082,240.3142042,246.3987182,252.4915326,259.2450776,265.2583918,271.2934425,276.9423331,283.5652292,289.5354892,295.1380443,301.7525411,307.5233686,313.097717,319.4280498,324.9439049,330.5294336,335.7534056,342.0132304,347.5492323,353.1357103,359.4608051,364.915472,369.8778197,375.9742721,381.4130849,386.6164075,392.6852057,397.6730476,402.8864431,408.3108455,414.2333876,419.4749899,424.3671124,430.3773632,435.546794,440.8861469,446.8152366,451.6610706,456.4539096,461.4700739,467.368536,472.2588175,477.152508,482.5821742,487.4079622,492.1684201,497.9899584,502.7858366,507.4303814,512.7930959,517.4053629,522.2679206,527.1920315,532.47676,536.8520886,541.431207,546.7036308,551.1734818,556.0845424,561.3806938,565.7478526,570.2107064,574.5589811,579.9967727,584.5849395,588.9363753,593.9050737,598.3489998,602.363155,607.4017414,611.7313082,616.2328795,621.0404659,625.2995597,629.4475242,633.4012181,638.3656289,642.4632868,646.4481493,651.1108028,655.127154,659.3656033,663.8405716,668.1557121,672.1154072,675.9189344,680.2801739,684.2138178,688.153333,692.6745999,696.692804,700.2446918,704.5117673,708.2801726,711.9923048,716.456959,720.2424452,723.9666954,727.6471518,731.7439541,735.2677844,738.8470587,743.139511,746.854625,750.3389667,754.0901889,757.554543,760.9235518,765.051476,768.5269105,772.0532832,775.2846254,779.3146038,782.6200339,785.9945893,816.4755621,819.6510427,822.9227307,826.8860708,830.2448986,833.5556406,836.8666382,840.7333404,843.9162244,847.2438536,850.9983832,854.1535526,857.2595802,860.7895352,863.9719226,866.8071421,870.3193371,873.2899605,876.2787182,879.0953348,882.5429796,885.4568072,888.4152855,891.7659943,894.5983646,897.2424182,900.5403004,903.4717032,906.0674911,908.86903,911.9112305,914.4756423,917.2791007,920.4119702,922.9464846,925.5466328,928.5168566,931.0632639,933.6297795,936.6057345,939.1558361,941.3475612,943.8346488,946.619094,949.0358633,951.2251852,954.0870874,956.3174656,958.4345323,961.194466,963.3131806,965.343549,967.5722478,970.1957084,972.2692452,974.2979542,977.000549,978.9109917,981.0509617,983.3552637,985.2636224,987.2884025,989.4543192,991.2650755,993.0921737,994.9956104,997.1299425,999.051514,1000.759152,1002.684569,1004.307458,1006.233107,1008.326492,1009.813054,1011.380001,1013.082139,1015.079265,1016.596355,1018.111548,1019.797384,1021.438015,1022.97952,1024.492642,1025.977645,1027.178326,1029.07939,1030.537256,1031.693851,1032.959083,1034.509265,1035.671139,1036.905052,1038.543749,1039.712225,1040.779463,1042.174662,1043.330917,1044.588351,1045.643286],
	"normalizedMeasurements": [0,0.007400011028,0.01508874783,0.02361832603,0.03072698317,0.03798459017,0.04607753389,0.05292226583,0.06008475248,0.06793183745,0.07453682696,0.08131073429,0.08919223772,0.09582034935,0.1026269059,0.1095424121,0.1171194188,0.1242649774,0.1310345136,0.1390694698,0.1453877885,0.1514288896,0.1587668737,0.1649477589,0.1712208062,0.1774219805,0.1845465613,0.1904724216,0.1963014107,0.2032609174,0.2092642133,0.2147518993,0.2213769618,0.2272597033,0.2331504699,0.2396800562,0.2454939589,0.2513288774,0.2567904414,0.2631937114,0.2689659876,0.2743827528,0.2807779019,0.2863573592,0.291746853,0.2978672616,0.3032002018,0.308600505,0.3136512416,0.3197034802,0.3250558991,0.3304571203,0.3365724645,0.3418462456,0.3466440337,0.3525383176,0.3577967704,0.3628275422,0.3686950891,0.3735175259,0.3785580365,0.3838025568,0.3895286976,0.3945964797,0.3993263713,0.4051373123,0.4101353162,0.4152976074,0.4210300786,0.4257152168,0.4303491173,0.4351989374,0.4409017967,0.4456299084,0.450361316,0.4556109255,0.4602766824,0.4648792756,0.4705077622,0.4751446011,0.4796351251,0.4848200031,0.4892793197,0.4939806269,0.4987414462,0.5038509244,0.5080811599,0.5125084271,0.5176060086,0.521927632,0.5266758337,0.531796356,0.5360186925,0.5403335507,0.5445376294,0.5497950949,0.5542311105,0.5584382456,0.5632421736,0.5675387318,0.571419771,0.5762912696,0.5804772608,0.5848295525,0.5894777114,0.5935955666,0.5976059777,0.6014285606,0.6062283434,0.6101901161,0.614042834,0.6185508663,0.6224340286,0.6265319239,0.6308584949,0.6350305382,0.6388589233,0.6425363191,0.6467529328,0.6505561305,0.6543650049,0.6587363392,0.6626212929,0.6660553943,0.6701809665,0.6738244052,0.677413437,0.6817300359,0.6853899891,0.688990737,0.6925491434,0.696510089,0.6999170633,0.7033776429,0.7075277504,0.711119665,0.7144884603,0.7181152857,0.721464756,0.7247220429,0.7287130784,0.7320732617,0.7354826941,0.7386068796,0.7425032173,0.7456990339,0.7489616834,0.7784318568,0.7815020332,0.7846652266,0.7884971358,0.7917445794,0.7949455317,0.7981467311,0.801885207,0.8049625414,0.8081798209,0.8118098441,0.8148603829,0.8178634095,0.8212763053,0.8243531595,0.8270943584,0.8304900832,0.8333621958,0.8362518414,0.8389750544,0.8423083696,0.8451255698,0.84798594,0.8512255338,0.8539639781,0.8565203505,0.8597088694,0.8625430621,0.8650527694,0.8677614046,0.8707027207,0.8731820923,0.8758925834,0.8789215618,0.8813720276,0.8838859506,0.8867576768,0.8892196411,0.8917010467,0.8945783142,0.8970438501,0.8991628941,0.9015675057,0.9042596141,0.9065962393,0.9087129597,0.9114799565,0.9136363716,0.9156832329,0.9183516427,0.9204000972,0.9223631352,0.9245179267,0.927054389,0.9290591638,0.9310205976,0.9336335698,0.9354806591,0.9375496642,0.9397775517,0.941622626,0.9435802611,0.9456743524,0.9474250611,0.9491915697,0.9510318853,0.9530954393,0.9549532884,0.9566042981,0.9584658654,0.9600349369,0.961896728,0.9639206932,0.9653579582,0.9668729426,0.9685186344,0.9704495322,0.9719163137,0.9733812601,0.9750111914,0.9765974159,0.9780878026,0.9795507466,0.9809865045,0.9821473687,0.9839853904,0.9853949116,0.9865131518,0.9877364265,0.989235202,0.9903585461,0.9915515409,0.9931358953,0.9942656234,0.9952974695,0.996646401,0.9977643133,0.9989800491,1],
	"spotSize": 500,
	"spotIntensity": 1,
	"user": "Natali",
	"date": "24-Aug-2022 13:59:01",
	"preTime": 500,
	"stimTime": 1000,
	"tailTime": 1000
}
