{
	"ledCurrent": [10,11,12,13,14,15,16,17,18,19,20,21,22,23,24,25,26,27,28,29,30,31,32,33,34,35,36,37,38,39,40,41,42,43,44,45,46,47,48,49,50,51,52,53,54,55,56,57,58,59,60,61,62,63,64,65,66,67,68,69,70,71,72,73,74,75,76,77,78,79,80,81,82,83,84,85,86,87,88,89,90,91,92,93,94,95,96,97,98,99,100,101,102,103,104,105,106,107,108,109,110,111,112,113,114,115,116,117,118,119,120,121,122,123,124,125,126,127,128,129,130,131,132,133,134,135,136,137,138,139,140,141,142,143,144,145,146,147,148,149,150,151,152,153,154,155,156,157,158,159,160,161,162,163,164,165,166,167,168,169,170,171,172,173,174,175,176,177,178,179,180,181,182,183,184,185,186,187,188,189,190,191,192,193,194,195,196,197,198,199,200,201,202,203,204,205,206,207,208,209,210,211,212,213,214,215,216,217,218,219,220,221,222,223,224,225,226,227,228,229,230,231,232,233,234,235,236,237,238,239,240,241,242,243,244,245,246,247,248,249,250,251,252,253,254,255],
	"measurements": [9.32026455,16.25186088,23.8069602,32.20241735,39.75830646,47.1843381,55.30175999,62.29099691,69.50254866,77.7651921,84.51098373,91.44865354,99.3410651,106.1959747,113.1191459,119.7161139,127.666357,134.7547181,141.9371942,149.6350077,156.4845473,162.9481352,169.9705093,176.1888321,182.414869,188.5868186,195.757296,201.8818525,207.9621068,214.8787914,220.9830192,226.8375331,233.6649697,239.5688146,245.6211182,252.3097876,258.2849375,264.4082132,270.0750628,276.3686379,281.9797404,287.7546226,293.9763533,299.5739673,305.2947781,311.7617401,317.2071671,322.3428426,327.7340292,333.8318864,339.500067,344.7665355,350.8213767,356.2028221,361.5480044,367.422868,372.614604,377.6901941,383.6858995,388.7141177,394.1872918,399.4991463,405.193682,409.9977738,415.3201706,421.1010768,425.8920766,430.9330996,436.6829281,441.9184136,446.5432238,451.4511598,457.0675587,462.0429873,466.7515503,472.4636744,477.2142898,481.9221441,487.3922035,491.9420805,496.9395306,502.3596545,506.8317488,511.4067323,516.0930118,521.2567573,525.6869542,530.2506644,535.4807079,540.0986857,544.5624986,549.5579043,554.0086286,558.3437338,563.0788967,567.819441,572.0866326,577.0010049,581.7260727,585.8468416,590.2878751,595.1190873,599.2142897,603.450714,608.0937404,612.2528556,616.517669,620.5560608,625.2705217,629.4094552,633.4501779,638.0418827,641.9713765,645.8240435,650.2711569,654.5084726,658.4496622,662.2301324,666.7525184,670.6562129,674.4058184,678.9012424,682.2346642,686.1699182,690.4842722,694.3155663,697.9857381,702.3326634,706.1044276,709.7324894,713.0974667,717.3155137,720.7514815,724.5953701,728.6828962,731.965976,735.3651026,739.5120143,742.9870162,746.4777781,750.1458782,753.5876864,756.9886579,760.3253708,764.0380588,767.2346509,770.3031002,774.173224,777.6120501,780.7947805,784.2813739,787.4378952,817.1982783,820.3570539,824.0656531,827.2105815,830.4478201,834.17047,837.058895,840.3264699,843.7088042,846.5884084,849.6861974,853.1634659,856.033581,859.0564718,861.9876415,865.3691622,868.1458243,870.9079056,874.1253111,876.950997,879.6072518,882.774108,885.6637717,888.428216,891.1346676,894.1419689,896.7604924,899.4260981,902.3343766,904.8782312,907.4822259,910.4022103,912.9686664,915.3940183,918.0960255,920.4728052,922.9836821,925.1794343,928.0491512,930.3508636,932.673292,935.3206327,937.5641545,939.7377987,942.4247142,944.4283848,946.5629513,948.6584154,951.1872165,953.3318647,955.3063451,957.616989,959.7122255,961.7385684,963.9678941,965.8874302,967.8430497,970.137001,971.9011522,973.6101575,975.5227613,977.6075947,979.0616384,981.1674069,983.1198321,984.8983946,986.4838885,988.2924974,989.949678,991.6551473,993.023385,994.7746504,996.3074649,998.0327765,999.7321437,1001.274841,1002.592589,1004.240505,1005.829693,1007.240767,1008.658192,1009.839507,1011.304482,1012.655089,1014.282109,1015.350076,1016.646194,1018.026328,1019.175321,1020.399904,1021.958312,1023.037447,1024.063667,1025.069032],
	"normalizedMeasurements": [0,0.006824124776,0.01426208539,0.02252737441,0.02996611256,0.03727700663,0.04526857123,0.0521494429,0.0592491825,0.06738371704,0.07402491795,0.08085502204,0.08862506499,0.095373692,0.1021895223,0.108684207,0.1165111849,0.1234896439,0.1305607586,0.1381392206,0.1448825609,0.1512459336,0.1581594287,0.1642813389,0.1704108437,0.1764870998,0.1835464018,0.1895759996,0.195561982,0.2023714263,0.2083810105,0.2141447526,0.2208663326,0.2266786408,0.2326371059,0.2392220702,0.2451045779,0.2511329147,0.2567119022,0.2629078979,0.2684320026,0.2741173476,0.2802426129,0.2857534383,0.2913855502,0.2977522446,0.3031132425,0.3081692914,0.3134768899,0.3194802024,0.3250605002,0.3302453143,0.3362062776,0.3415042859,0.3467665933,0.3525503696,0.3576616098,0.362658505,0.3685612494,0.3735115072,0.378899822,0.3841293184,0.3897355626,0.3944651689,0.3997050442,0.4053963198,0.4101130371,0.4150759011,0.4207365808,0.4258908923,0.4304439967,0.4352758372,0.4408051561,0.4457034428,0.4503390015,0.4559625614,0.4606395205,0.4652743814,0.4706596298,0.4751389628,0.4800589295,0.4853950166,0.4897977729,0.4943018231,0.4989154438,0.5039991276,0.5083606361,0.5128535878,0.5180025416,0.5225489196,0.5269435229,0.5318614769,0.5362431946,0.5405110857,0.5451728319,0.5498398759,0.5540409066,0.5588790835,0.5635308911,0.5675877691,0.5719599463,0.5767162525,0.5807479605,0.5849187007,0.5894897389,0.5935843687,0.597783058,0.6017588362,0.6064002013,0.6104749623,0.6144530353,0.6189735475,0.6228421162,0.6266350492,0.6310132118,0.6351848297,0.6390649129,0.6427867683,0.6472390367,0.651082206,0.6547736754,0.6591993996,0.6624811381,0.6663553776,0.6706028393,0.6743747308,0.6779879981,0.6822675261,0.6859808106,0.6895526208,0.6928654256,0.6970180734,0.700400768,0.7041850587,0.7082092093,0.7114413864,0.7147878109,0.7188704264,0.7222915498,0.7257281889,0.7293394166,0.732727861,0.7360761019,0.7393610803,0.7430162046,0.7461632349,0.7491841092,0.7529942283,0.7563797368,0.7595131203,0.7629456554,0.7660532362,0.7953521968,0.7984619968,0.8021130957,0.8052092633,0.8083963099,0.8120612416,0.8149048828,0.8181217953,0.8214516879,0.824286645,0.827336404,0.830759759,0.833585374,0.8365613961,0.8394471193,0.8427762109,0.845509822,0.8482290784,0.8513965993,0.8541784741,0.8567935448,0.8599113002,0.8627561608,0.8654777435,0.8681422327,0.8711029071,0.8736808314,0.876305108,0.8791682948,0.881672708,0.8842363289,0.8871110401,0.8896377043,0.8920254522,0.8946855658,0.8970254945,0.8994974413,0.9016591493,0.9044843724,0.9067503977,0.9090368178,0.9116431125,0.9138518495,0.9159917922,0.9186370482,0.9206096527,0.9227111236,0.9247740984,0.9272636915,0.9293750878,0.9313189547,0.933593773,0.9356565237,0.937651449,0.9398462099,0.9417359844,0.9436612829,0.9459196674,0.9476564661,0.949338974,0.9512219236,0.9532744326,0.9547059319,0.9567790514,0.958701205,0.9604521917,0.9620131031,0.9637936702,0.965425157,0.9671041836,0.9684512074,0.9701753201,0.9716843689,0.9733829303,0.9750559495,0.9765747275,0.9778720449,0.9794944104,0.9810589589,0.9824481547,0.9838436029,0.9850066021,0.9864488637,0.9877785295,0.9893803234,0.9904317324,0.9917077546,0.9930664904,0.9941976688,0.9954032647,0.9969375104,0.9979999141,0.9990102221,1],
	"spotSize": 500,
	"spotIntensity": 1,
	"user": "Natali",
	"date": "29-Aug-2022 15:44:00",
	"preTime": 500,
	"stimTime": 1000,
	"tailTime": 1000
}
